{
  "appName": "Tiny File Manager",
  "version": "2.4.3",
  "language": [
    {
      "name": "فارسی",
      "code": "Fa",
      "translation": {
        "Tiny File Manager": "مدیریت فایل کوچک",
        "File Manager": "مدیریت فایل",
        "Sign in": "ورود",
        "Username": "نام کاربری",
        "Password": "گذرواژه",
        "Sign Out": "خروج",
        "Move": "جابجایی",
        "Copy": "کپی",
        "Save": "ذخیره",
        "Select all": "انتخاب همه",
        "Unselect all": "انتخاب نکردن همه",
        "File": "فایل",
        "Back": "برگشت",
        "Size": "حجم",
        "Perms": "دسترسی",
        "Modified": "ویرایش شده",
        "Owner": "مالک",
        "Search": "جستجو",
        "New Item": "افزودن",
        "Folder": "پوشه",
        "Delete": "حذف",
        "Rename": "تغییر نام",
        "Copy to": "کپی در",
        "Direct link": "لینک مستقیم",
        "Upload Files": "اپلود فایل ها",
        "Change Permissions": "تغییر دسترسی",
        "Copying": "کپی کردن",
        "Create New Item": "افزودن",
        "Name": "نام",
        "Advanced Editor": "ویرایشگر پیشرفته",
        "Remember Me": "مرا به خاطر داشته باشe",
        "Actions": "اکشن",
        "Upload": "آپلود",
        "Cancel": "انصراف",
        "Invert Selection": "معکوس کردن انتخاب ها",
        "Destination Folder": "پوشه مقصد",
        "Item Type": "نوع مورد",
        "Item Name": "نام مورد",
        "Create Now": "ایجاد در الان",
        "Download": "دانلود",
        "Open": "باز کردن",
        "UnZip": "UnZip",
        "UnZip to folder": "خارج کردن از حالت فشرده",
        "Edit": "ویرایش",
        "Normal Editor": "ویرایش معمولی",
        "Back Up": "برگشت بالا",
        "Source Folder": "منبه پوشه",
        "Files": "فایل ها",
        "Change": "تغییر",
        "Settings": "تنظیمات",
        "Language": "زبان",
        "Memory used": "حافظه استفاده شده",
        "Partition size": "حجم پارتیشن",
        "Error Reporting": "گزارش خطا",
        "Show Hidden Files": "نمایش فایل های مخفی",
        "Full size": "فضا پر است",
        "Help": "راهنما",
        "Free of": "خالیی از",
        "Preview": "پیشنمایش",
        "Help Documents": "مستندات کمکی",
        "Report Issue": "گزارش مشکل",
        "Generate": "ایجاد",
        "Full Size": "تمام حجم",
        "free of": "خالی از",
        "Calculate folder size": "محاسبه حجم پوشه",
        "Check Latest Version": "بررسی آخرین نسخه",
        "Generate new password hash": "ایجاد گذرواژه جدید",
        "Hide Perms/Owner columns": "مخفی کردن ستون های دسترسی و مالک"
      }
    },
    {
      "name": "Русский",
      "code": "ru",
      "translation": {
        "Actions": "Действия",
        "AdvancedEditor": "Улучшенный редактор",
        "AppName": "Файловый менеджер",
        "AppTitle": "Файловый менеджер",
        "Back": "Вернуться",
        "BackUp": "Резервная копия",
        "Cancel": "Отмена",
        "Change": "Изменения",
        "ChangePermissions": "Изменить права",
        "Check Latest Version": "Проверить последнюю версию",
        "Copy": "Копировать",
        "Copying": "Копировать",
        "CopyTo": "Скопировать в",
        "CreateNewItem": "Создать новый",
        "CreateNow": "Создать сейчас",
        "Delete": "Удалить",
        "DestinationFolder": "Папка назначения",
        "DirectLink": "Ссылка",
        "Download": "Загрузка",
        "Edit": "Редактировать",
        "File": "Файл",
        "Files": "Файлы",
        "Folder": "Папка",
        "FreeOf": "свободно из",
        "FullSize": "Размер файлов в папке",
        "Generate": "Сгенерировать",
        "Generate new password hash": "Сгенерировать хеш нового пароля",
        "Help": "Помощь",
        "Help Documents": "Справочная документация",
        "InvertSelection": "Обратная выборка",
        "ItemName": "Имя элемента",
        "ItemType": "Тип элемента",
        "Language": "Язык",
        "Login": "Войти",
        "Logout": "Выйти",
        "MemoryUsed": "Используемая память",
        "Modified": "Обновление",
        "Move": "Переместить",
        "Name": "Имя",
        "NewItem": "Создать",
        "NormalEditor": "Стандартный редактор",
        "Open": "Открыть",
        "Owner": "Создатель",
        "PartitionSize": "Размер раздела",
        "Password": "Пароль",
        "Perms": "Права доступа",
        "RememberMe": "Запомнить меня",
        "Rename": "Переименовать",
        "Report Issue": "Сообщить о проблеме",
        "Save": "Сохранить",
        "Search": "Поиск",
        "SelectAll": "Выбрать всё",
        "Settings": "Свойства",
        "Size": "Размер",
        "SourceFolder": "Исходная папка",
        "UnSelectAll": "Отменить выбор",
        "UnZip": "Разархивировать",
        "UnZipToFolder": "Разархивировать в папку",
        "Upload": "Загрузить",
        "UploadingFiles": "Загрузка файлов",
        "Username": "Пользователь"
      }
    },
    {
      "name": "Italiano",
      "code": "it",
      "translation": {
        "AppName": "Tiny File Manager",
        "AppTitle": "File Manager",
        "Login": "Connettiti",
        "Username": "Username",
        "Password": "Password",
        "Logout": "Disconnettiti",
        "Copy": "Copia",
        "Save": "Salva",
        "SelectAll": "Seleziona tutto",
        "UnSelectAll": "Deseleziona tutto",
        "File": "File",
        "Back": "Indietro",
        "Size": "Dimensione",
        "Perms": "Permessi",
        "Modified": "Modificato",
        "Owner": "Proprietario",
        "Search": "Cerca",
        "NewItem": "Nuovo Elemento",
        "Folder": "Cartella",
        "Delete": "Elimina",
        "Rename": "Rinomina",
        "CopyTo": "Copia su",
        "DirectLink": "Link diretto",
        "UploadingFiles": "Caricamento file",
        "ChangePermissions": "Modifica Permessi",
        "Copying": "Copia in corso",
        "CreateNewItem": "Crea Nuovo Elemento",
        "Name": "Nome",
        "AdvancedEditor": "Editor Avanzato",
        "RememberMe": "Ricordami",
        "Actions": "Azioni",
        "Upload": "Carica",
        "Cancel": "Annulla",
        "InvertSelection": "Inverti Selezione",
        "DestinationFolder": "Cartella di Destinazione",
        "ItemType": "Tipo Elemento",
        "ItemName": "Nome Elemento",
        "CreateNow": "Crea Adesso",
        "Download": "Scarica",
        "Open": "Apri",
        "UnZip": "Decomprimi",
        "UnZipToFolder": "Decomprimi su cartella",
        "Edit": "Modifica",
        "NormalEditor": "Editor Normale",
        "BackUp": "Back-Up",
        "SourceFolder": "Cartella di Origine",
        "Files": "File",
        "Move": "Sposta",
        "Change": "Cambia",
        "Settings": "Impostazioni",
        "Language": "Lingua",
        "MemoryUsed": "Memoria utilizzata",
        "PartitionSize": "Dimensione della partizione",
        "ErrorReporting": "Segnala errori",
        "ShowHiddenFiles": "Mostra file nascosti"
      }
    },
    {
      "name": "Français",
      "code": "fr",
      "translation": {
        "AppName": "Tiny File Manager",
        "AppTitle": "Gestionnaire de fichiers",
        "Login": "Connexion",
        "Username": "Utilisateur",
        "Password": "Mot de passe",
        "Logout": "Déconnexion",
        "Move": "Déplacer",
        "Copy": "Copier",
        "Save": "Sauvegarder",
        "SelectAll": "Tout sélectionner",
        "UnSelectAll": "Tout déselectionner",
        "File": "Fichier",
        "Back": "Retour",
        "Size": "Taille",
        "Perms": "Permissions",
        "Modified": "Modifié le",
        "Owner": "Propriétaire",
        "Search": "Recherche",
        "NewItem": "Nouvel Élément",
        "Folder": "Dossier",
        "Delete": "Supprimer",
        "Rename": "Renommer",
        "CopyTo": "Copier vers",
        "DirectLink": "Lien direct",
        "UploadingFiles": "Envoyer des fichiers",
        "ChangePermissions": "Modifier les permissions",
        "Copying": "Copier",
        "CreateNewItem": "Créer un nouvel élément",
        "Name": "Nom",
        "AdvancedEditor": "Editeur avancé",
        "RememberMe": "Se souvenir de moi",
        "Actions": "Actions",
        "Upload": "Envoyer",
        "Cancel": "Annuler",
        "InvertSelection": "Inverser la sélection",
        "DestinationFolder": "Dossier destination",
        "ItemType": "Type d'élement",
        "ItemName": "Nom de l'élément",
        "CreateNow": "Créer",
        "Download": "Télécharger",
        "Open": "Ouvrir",
        "UnZip": "Décompresser",
        "UnZipToFolder": "Décompresser dans un dossier",
        "Edit": "Editeur",
        "NormalEditor": "Éditeur Normal",
        "BackUp": "Sauvegarder",
        "SourceFolder": "Dossier Source",
        "Files": "Fichiers",
        "Change": "Modifier",
        "Settings": "Réglages",
        "Language": "Langue",
        "MemoryUsed": "Mémoire utilisée",
        "PartitionSize": "Taille de la partition",
        "Free of": "libres sur",
        "FreeOf": "libres sur"
      }
    },
    {
      "name": "Español",
      "code": "es",
      "translation": {
        "AppName": "Pequeño Administrador de Archivos",
        "AppTitle": "Administrador de Archivos",
        "Login": "Iniciar Sesión",
        "Username": "Nombre de Usuario",
        "Password": "Contraseña",
        "Logout": "Desconectarse",
        "Move": "Mover",
        "Copy": "Copiar",
        "Save": "Guardar",
        "SelectAll": "Seleccionar Todo",
        "UnSelectAll": "Des-seleccionar Todo",
        "File": "Archivo",
        "Back": "Atrás",
        "Size": "Tamaño",
        "Perms": "Permisos",
        "Modified": "Modificado",
        "Owner": "Propietario",
        "Search": "Buscar",
        "NewItem": "Nuevo Ítem",
        "Folder": "Carpeta",
        "Delete": "Borrar",
        "Rename": "Cambiar Nombre",
        "CopyTo": "Copiar en",
        "DirectLink": "Link Directo",
        "UploadingFiles": "Subir Archivos",
        "ChangePermissions": "Cambiar Permisos",
        "Copying": "Copiando",
        "CreateNewItem": "Crear nuevo Item",
        "Name": "Nombre",
        "AdvancedEditor": "Editor Avanzado",
        "RememberMe": "Recuérdame",
        "Actions": "Acciones",
        "Upload": "Subir",
        "Cancel": "Cancelar",
        "InvertSelection": "Invertir Selección",
        "DestinationFolder": "Carpeta Destino",
        "ItemType": "Tipo de Ítem",
        "ItemName": "Nombre del Ítem",
        "CreateNow": "Crear",
        "Download": "Descargar",
        "Open": "Abrir",
        "UnZip": "Descomprimir",
        "UnZipToFolder": "Descomprimir en Carpeta",
        "Edit": "Editar",
        "NormalEditor": "Editor Normal",
        "BackUp": "Copia de Seguridad",
        "SourceFolder": "Carpeta Actual",
        "Files": "Archivos",
        "Change": "Cambiar",
        "Settings": "Preferencias",
        "Language": "Lenguaje"
      }
    },
    {
      "name": "Català",
      "code": "ca",
      "translation": {
	"AppName": "Tiny File Manager",
	"AppTitle": "Administrador d'Arxius",
	"Login": "Iniciar Sessió",
	"Username": "Nom d'Usuari",
	"Password": "Contrasenya",
	"Logout": "Desconnectar-se",
	"Move": "Moure",
	"Copy": "Copiar",
	"Save": "Desar",
	"SelectAll": "Seleccionar Tot",
	"UnSelectAll": "Deseleccionar Tot",
	"File": "Arxiu",
	"Back": "Enrere",
	"Size": "Mida",
	"Perms": "Permisos",
	"Modified": "Modificat",
	"Owner": "Propietari",
	"Search": "Cercar",
	"NewItem": "Nou Ítem",
	"Folder": "Carpeta",
	"Delete": "Esborrar",
	"Rename": "Canviar Nom",
	"CopyTo": "Copiar a",
	"DirectLink": "Enllaç Directe",
	"UploadingFiles": "Pujar Arxius",
	"ChangePermissions": "Canviar Permisos",
	"Copying": "Copiant",
	"CreateNewItem": "Crear un Nou Ítem",
	"Name": "Nom",
	"AdvancedEditor": "Editor Avançat",
	"RememberMe": "Recorda'm",
	"Actions": "Accions",
	"Upload": "Pujar",
	"Cancel": "Cancel·lar",
	"InvertSelection": "Invertir Selecció",
	"DestinationFolder": "Carpeta Destí",
	"ItemType": "Tipus d'Ítem",
	"ItemName": "Nom de l'Ítem",
	"CreateNow": "Crear",
	"Download": "Descarregar",
	"Open": "Obrir",
	"UnZip": "Descomprimir",
	"UnZipToFolder": "Descomprimir a Carpeta",
	"Edit": "Editar",
	"NormalEditor": "Editor Normal",
	"BackUp": "Còpia de Seguretat",
	"SourceFolder": "Carpeta Actual",
	"Files": "Arxius",
	"Change": "Canviar",
	"Settings": "Preferències",
	"Language": "Idioma",
	"MemoryUsed": "Memòria usada",            
	"PartitionSize": "Mida de la partició",
	"ErrorReporting": "Informe d'errors",        
	"ShowHiddenFiles": "Mostra Fitxers Ocults",
	"Full size": "Mida sencera",              
	"Help": "Ajuda",
	"Free of": "Lliure de",
	"Preview": "Previsualitzar",
	"Help Documents": "Documents d'ajuda",
	"Report Issue": "Informe del problema",
	"Generate": "Generar",
	"FullSize": "Mida Total",
	"FreeOf": "lliure de",
	"CalculateFolderSize": "Calcular mida de la carpeta",
	"ProcessID": "Procés ID",             
	"Created": "Creat",
	"HideColumns": "Amagar Permisos/Propietari columnes",
	"Folder is empty": "La carpeta és buida",
	"Check Latest Version": "Comprova l'última versió",
	"Generate new password hash": "Crear una nou hash de contrasenya",
	"You are logged in": "Estàs autenticat",
	"Login failed. Invalid username or password": "Error d'inici de sessió. El nom d'usuari o contrasenya són incorrectes",
	"password_hash not supported, Upgrade PHP version": "no és compatible password_hash. Actualitza la versió de PHP"
      }
    },
    {
      "name": "Deutsch",
      "code": "de",
      "translation": {
        "AppName": "Tiny File Manager",
        "AppTitle": "Datei Manager",
        "Login": "Einloggen",
        "Username": "Benutzername",
        "Password": "Passwort",
        "Logout": "Ausloggen",
        "Move": "Verschieben",
        "Copy": "Kopieren",
        "Save": "Speichern",
        "SelectAll": "Alles auswählen",
        "UnSelectAll": "Alles abwählen",
        "File": "Datei",
        "Back": "Zurück",
        "Size": "Größe",
        "Perms": "Berechtigungen",
        "Modified": "Geändert",
        "Owner": "Eigentümer",
        "Search": "Suchen",
        "NewItem": "Neues Element",
        "Folder": "Ordner",
        "Delete": "Löschen",
        "Rename": "Umbenennen",
        "CopyTo": "Kopieren nach",
        "DirectLink": "Direktlink",
        "UploadingFiles": "Datei hochladen",
        "ChangePermissions": "Berechtigungen ändern",
        "Copying": "Kopieren",
        "CreateNewItem": "Neue Datei erstellen",
        "Name": "Name",
        "AdvancedEditor": "Erweiterter Editor",
        "RememberMe": "Eingeloggt bleiben",
        "Actions": "Aktionen",
        "Upload": "Hochladen",
        "Cancel": "Abbrechen",
        "InvertSelection": "Auswahl umkehren",
        "DestinationFolder": "Zielordner",
        "ItemType": "Dateityp",
        "ItemName": "Dateiname",
        "CreateNow": "Jetzt erstellen",
        "Download": "Download",
        "Open": "Öffnen",
        "UnZip": "Entpacken",
        "UnZipToFolder": "Entpacken im Ordner",
        "Edit": "Bearbeiten",
        "NormalEditor": "Standard Editor",
        "BackUp": "Backup",
        "SourceFolder": "Quellordner",
        "Files": "Dateien",
        "Change": "Ändern",
        "Settings": "Einstellungen",
        "Language": "Sprache"
      }
    },
    {
      "name": "ภาษาไทย",
      "code": "th",
      "translation": {
        "AppName": "Tiny File Manager",
        "AppTitle": "ตัวจัดการไฟล์",
        "Login": "เข้าสู่ระบบ",
        "Username": "ชื่อผู้ใช้งาน",
        "Password": "รหัสผ่าน",
        "Logout": "ออกจากระบบ",
        "Move": "ย้าย",
        "Copy": "คัดลอก",
        "Save": "บันทึก",
        "SelectAll": "เลือกท้งหมด",
        "UnSelectAll": "ไม่เลือกทั้งหมด",
        "File": "ไฟล์",
        "Back": "กลับ",
        "Size": "ขนาด",
        "Perms": "รหัสสิทธิ์",
        "Modified": "แก้ไขล่าสุดเมื่อ",
        "Owner": "เจ้าของ",
        "Search": "ค้นหา",
        "NewItem": "สร้างใหม่",
        "Folder": "โฟลเดอร์",
        "Delete": "ลบ",
        "Rename": "เปลี่ยนชื่อ",
        "CopyTo": "คัดลอกไปยัง",
        "DirectLink": "ไปยังลิ้งก์นั้น",
        "UploadingFiles": "อัพโหลด",
        "ChangePermissions": "เปลี่ยนสิทธิ์",
        "Copying": "กำลังย้ายข้อมูล",
        "CreateNewItem": "สร้างไฟล์ใหม่",
        "Name": "ชื่อ",
        "AdvancedEditor": "แก้ไขขั้นสูง",
        "RememberMe": "จดจำฉันไว้",
        "Actions": "การทำงาน",
        "Upload": "อัพโหลด",
        "Cancel": "ยกเลิก",
        "InvertSelection": "เปลี่ยนข้อมูล",
        "DestinationFolder": "โฟลเดอร์ปลายทาง",
        "ItemType": "ข้อมูลประเภท",
        "ItemName": "ชื่อไฟล์",
        "CreateNow": "สร้างตอนนี้",
        "Download": "ดาวโหลด",
        "Open": "เปิด",
        "UnZip": "แตก Zip",
        "UnZipToFolder": "แตกไฟล์ในโฟเดอร์นี้",
        "Edit": "แก้ไข",
        "NormalEditor": "แก้ไขปกติ",
        "BackUp": "สำรองข้อมูล",
        "SourceFolder": "โฟลเดอร์ต้นทาง",
        "Files": "ไฟล์",
        "Change": "เปลี่ยน",
        "Settings": "การตั้งค่า",
        "Language": "ภาษา"
      }
    },
    {
      "name": "简体中文",
      "code": "zh-CN",
      "translation": {
        "AppName": "文件管理器",
        "AppTitle": "文件管理器",
        "Login": "登录",
        "Username": "账号",
        "Password": "密码",
        "Logout": "退出",
        "Move": "移动",
        "Copy": "复制",
        "Save": "保存",
        "SelectAll": "全选",
        "UnSelectAll": "取消全选",
        "File": "文件",
        "Back": "取消",
        "Size": "大小",
        "Perms": "权限",
        "Modified": "修改时间",
        "Owner": "拥有者",
        "Search": "查找",
        "NewItem": "创建新文件/文件夹",
        "Folder": "文件夹",
        "Delete": "删除",
        "CopyTo": "复制到",
        "DirectLink": "直链",
        "UploadingFiles": "上传",
        "ChangePermissions": "修改权限",
        "Copying": "复制中",
        "CreateNewItem": "创建新文件",
        "Name": "文件名",
        "AdvancedEditor": "高级编辑器",
        "RememberMe": "记住登录信息",
        "Actions": "执行操作",
        "Upload": "上传",
        "Cancel": "取消",
        "InvertSelection": "反向选择",
        "DestinationFolder": "目标文件夹",
        "ItemType": "文件类型",
        "ItemName": "创建名称",
        "CreateNow": "创建",
        "Download": "下载",
        "UnZip": "解压缩",
        "UnZipToFolder": "解压至目标文件夹",
        "Edit": "编辑",
        "NormalEditor": "编辑器",
        "BackUp": "备份",
        "SourceFolder": "源文件夹",
        "Files": "文件",
        "Change": "修改",
        "Settings": "设置",
        "Language": "语言",
        "Open": "开启",
        "Group": "用户组",
        "Other": "其它用户",
        "Read": "读取权限",
        "Write": "写入权限",
        "Execute": "执行权限",
        "Rename": "重命名",
        "enable": "启用",
        "disable": "禁用",
        "ErrorReporting": "上传错误报告",
        "ShowHiddenFiles": "显示隐藏文件",
        "Help": "帮助",
        "HideColumns": "隐藏权限&拥有者",
        "CalculateFolderSize": "显示文件夹大小",
        "FullSize": "所有文件大小",
        "MemoryUsed": "使用内存",
        "PartitionSize": "可用空间",
        "FreeOf": "磁盘大小",
        "Check Latest Version": "检查更新",
        "Generate new password hash": "生成新的hash密码",
        "Report Issue": "报告问题",
        "Help Documents": "帮助文档",
        "Generate": "生成",
        "Preview": "预览"
      }
    },
    {
      "name": "中文(繁體)",
      "code": "zh-TW",
      "translation": {
        "AppName": "檔案管理器",
        "AppTitle": "檔案管理器",
        "Login": "登入",
        "Username": "帳號",
        "Password": "密碼",
        "Logout": "登出",
        "Move": "移動",
        "Copy": "複製",
        "Save": "保存",
        "SelectAll": "選擇全部",
        "UnSelectAll": "取消選擇全部",
        "File": "檔案",
        "Back": "返回",
        "Size": "大小",
        "Perms": "權限",
        "Modified": "修改時間",
        "Owner": "擁有者",
        "Search": "搜尋",
        "NewItem": "新檔案",
        "Folder": "資料夾",
        "Delete": "移除",
        "CopyTo": "複製到",
        "DirectLink": "直接連結",
        "UploadingFiles": "上傳檔案",
        "ChangePermissions": "變更權限",
        "Copying": "複製",
        "CreateNewItem": "建立新檔案",
        "Name": "檔名",
        "AdvancedEditor": "進階編輯",
        "RememberMe": "記住我",
        "Actions": "動作",
        "Upload": "上傳",
        "Cancel": "取消",
        "InvertSelection": "選擇反轉",
        "DestinationFolder": "目標資料夾",
        "ItemType": "檔案類型",
        "ItemName": "檔案檔名",
        "CreateNow": "建立",
        "Download": "下載",
        "UnZip": "解壓縮",
        "UnZipToFolder": "解壓縮至資料夾",
        "Edit": "編輯",
        "NormalEditor": "普通編輯",
        "BackUp": "上傳",
        "SourceFolder": "來源資料夾",
        "Files": "檔案",
        "Change": "變更",
        "Settings": "設定",
        "Language": "語言",
        "Open": "開啟",
        "Group": "群組",
        "Other": "其他",
        "Read": "讀取",
        "Write": "寫入",
        "Execute": "執行",
        "Rename": "重新命名",
        "enable": "開啟",
        "disable": "關閉"
      }
    },
    {
      "name": "Bahasa Indonesia",
      "code": "id",
      "translation": {
        "AppName": "Tiny File Manager",
        "AppTitle": "Pengelola File",
        "Login": "Masuk",
        "Username": "Nama pengguna",
        "Password": "Kata sandi",
        "Logout": "Keluar",
        "Move": "Pindah",
        "Copy": "Salin",
        "Save": "Simpan",
        "SelectAll": "Pilih semua",
        "UnSelectAll": "Batalkan pilihan semua",
        "File": "File",
        "Back": "Kembali",
        "Size": "Ukuran",
        "Perms": "Perizinan",
        "Modified": "Terakhir diubah",
        "Owner": "Pemilik",
        "Search": "Cari",
        "NewItem": "Item baru",
        "Folder": "Folder",
        "Delete": "Hapus",
        "Rename": "Ganti nama",
        "CopyTo": "Salin ke",
        "DirectLink": "Link langsung",
        "UploadingFiles": "Mengupload file",
        "ChangePermissions": "Ubah perizinan",
        "Copying": "Menyalin",
        "CreateNewItem": "Buat item baru",
        "Name": "Nama",
        "AdvancedEditor": "Editor tingkat lanjut",
        "RememberMe": "Ingat saya",
        "Actions": "Aksi",
        "Upload": "Upload",
        "Cancel": "Batal",
        "InvertSelection": "Pilihan sebaliknya",
        "DestinationFolder": "Folder tujuan",
        "ItemType": "Tipe item",
        "ItemName": "Nama item",
        "CreateNow": "Buat sekarang",
        "Download": "Unduh",
        "Open": "Buka",
        "UnZip": "UnZip",
        "UnZipToFolder": "UnZip ke folder",
        "Edit": "Edit",
        "NormalEditor": "Editor normal",
        "BackUp": "Cadangkan",
        "SourceFolder": "Folder sumber",
        "Files": "File",
        "Change": "Ubah",
        "Settings": "Pengaturan",
        "Language": "Bahasa",
        "MemoryUsed": "Memori terpakai",
        "PartitionSize": "Ukuran partisi"
      }
    },
    {
      "name": "Ελληνικά",
      "code": "gr",
      "translation": {
        "AppName": "Tiny File Manager",
        "AppTitle": "File Manager",
        "Login": "Είσοδος",
        "Username": "Username",
        "Password": "Password",
        "Logout": "Αποσύνδεση",
        "Move": "Μετακίνση",
        "Copy": "Αντιγραφή",
        "Save": "Αποθήκευση",
        "SelectAll": "Επιλογή όλων",
        "UnSelectAll": "Αποεπιλογή όλων",
        "File": "Αρχείο",
        "Back": "Πίσω",
        "Size": "Μέγεθος",
        "Perms": "Άδειες",
        "Modified": "Τροποποιημένο",
        "Owner": "Ιδιοκτήτης",
        "Search": "Αναζήτηση",
        "NewItem": "Νέο Αντικείμενο",
        "Folder": "Φάκελος",
        "Delete": "Διαγραφή",
        "Rename": "Μετονομασία",
        "CopyTo": "Αντιγραφή σε",
        "DirectLink": "Direct Link",
        "UploadingFiles": "Ανέβασμα αρχείων",
        "ChangePermissions": "Αλλαγή αδειών",
        "Copying": "Αντιγραφή σε εξέλιξη",
        "CreateNewItem": "Δημιουργία νέου αντικειμένου",
        "Name": "Όνομα",
        "AdvancedEditor": "Editor για προχωρημένους",
        "RememberMe": "Θυμήσου με",
        "Actions": "Ενέργειες",
        "Upload": "Ανέβασμα",
        "Cancel": "Ακύρωση",
        "InvertSelection": "Αναίρεση επιλογής",
        "DestinationFolder": "Φάκελος προορισμού",
        "ItemType": "Τύπος αντικειμένου",
        "ItemName": "Όνομα αντικειμένου",
        "CreateNow": "Δημιούργησε τώρα",
        "Download": "Download",
        "Open": "Άνοιξε",
        "UnZip": "Αποσυμπίεση",
        "UnZipToFolder": "Αποσυμπίεση σε φάκελο",
        "Edit": "Επεξεργασία",
        "NormalEditor": "Βασικός editor",
        "BackUp": "Back-Up",
        "SourceFolder": "Πηγή",
        "Files": "Αρχεία",
        "Change": "Τροποποίησε",
        "Settings": "Ρυθμίσεις",
        "Language": "Γλώσσα",
        "MemoryUsed": "Η μνήμη χρησιμοποιείται",
        "PartitionSize": "Μέγεθος partition"
      }
    },
    {
      "name": "Português",
      "code": "pt",
      "translation": {
        "AppName": "Gerenciador de arquivos Tiny",
        "AppTitle": "Gerenciador de arquivos",
        "Login": "Iniciar Sessão",
        "Username": "Nome de usuário",
        "Password": "Senha",
        "Logout": "Sair",
        "Move": "Mover",
        "Copy": "Copiar",
        "Save": "Salvar",
        "SelectAll": "Selecionar tudo",
        "UnSelectAll": "Desmarcar tudo",
        "File": "Arquivo",
        "Back": "Voltar",
        "Size": "Tamanho",
        "Perms": "Permissões",
        "Modified": "Modificado",
        "Owner": "Proprietário",
        "Search": "Buscar",
        "NewItem": "Novo Item",
        "Folder": "Pasta",
        "Delete": "Excluir",
        "Rename": "Renomear",
        "CopyTo": "Copiar em",
        "DirectLink": "Link direto",
        "UploadingFiles": "Upload de arquivos",
        "ChangePermissions": "Alterar permissões",
        "Copying": "Copiando",
        "CreateNewItem": "Criar novo item",
        "Name": "Nome",
        "AdvancedEditor": "Editor Avançado",
        "RememberMe": "Lembra de mim",
        "Actions": "Ações",
        "Upload": "Upload",
        "Cancel": "Cancelar",
        "InvertSelection": "Seleção reversa",
        "DestinationFolder": "Pasta de destino",
        "ItemType": "Tipo de Item",
        "ItemName": "Nome do item",
        "CreateNow": "Criar",
        "Download": "Baixar",
        "Open": "Abrir",
        "UnZip": "Descompactar os arquivos",
        "UnZipToFolder": "Descompactar na pasta",
        "Edit": "Editar",
        "NormalEditor": "Editor Normal",
        "BackUp": "Copia de segurança",
        "SourceFolder": "Pasta atual",
        "Files": "Arquivos",
        "Change": "Alterar",
        "Settings": "Preferências",
        "Language": "Idioma",
        "Preview": "Visualizar",
        "MemoryUsed": "Memória usada",
        "PartitionSize": "Tamanho da partição",
        "ErrorReporting": "Relatório de erros",
        "ShowHiddenFiles": "Mostrar arquivos ocultos",
        "Group": "Grupo",
        "Other": "Outros",
        "Read": "Ler",
        "Write": "Escrever",
        "Execute": "Executar",
        "enable": "habilitar",
        "disable": "desativar",
        "FreeOf": "Livre de",
        "Free Of": "Livre de",
        "FullSize": "tamanho completo",
        "Help": "Ajuda / Suporte",
        "Generate": "Gerar",
        "Report Issue": "Informar problema",
        "Generate new password hash": "Gerar nova hash de senha",
        "Help Documents": "Documentos de Ajuda",
        "Check Latest Version": "Verifique a última versão",
        "HideColumns": "Ocultar colunas Perms / Owner",
        "CalculateFolderSize": "Calcular o tamanho da pasta"
      }
    },
    {
      "name": "Polski",
      "code": "pl",
      "translation": {
        "AppName": "Tiny File Manager",
        "AppTitle": "Menedżer plików",
        "Login": "Login",
        "Username": "Nazwa Użytkownika",
        "Password": "Hasło",
        "Logout": "Wyloguj",
        "Move": "Przenieś",
        "Copy": "Kopiuj",
        "Save": "Zapisz",
        "SelectAll": "Zaznacz wszystko",
        "UnSelectAll": "Odznacz wszystko",
        "File": "Plik",
        "Back": "Cofnij",
        "Size": "Rozmiar",
        "Perms": "Uprawnienia",
        "Modified": "Zmodyfikowano",
        "Owner": "Właściciel",
        "Search": "Szukaj",
        "NewItem": "Nowy plik",
        "Folder": "Folder",
        "Delete": "Usuń",
        "Rename": "Zmień nazwę",
        "CopyTo": "Kopiuj do",
        "DirectLink": "Link bezpośredni",
        "UploadingFiles": "Wysyłanie plików",
        "ChangePermissions": "Zmień uprawnienia",
        "Copying": "Kopiowanie",
        "CreateNewItem": "Utwórz nowy plik",
        "Name": "Nazwa",
        "AdvancedEditor": "Zaawansowany edytor",
        "RememberMe": "Pamiętaj mnie",
        "Actions": "Akcje",
        "Upload": "Wyślij",
        "Cancel": "Anuluj",
        "InvertSelection": "Odwróć zaznaczenie",
        "DestinationFolder": "Folder docelowy",
        "ItemType": "Typ pliku",
        "ItemName": "Nazwa pliku",
        "CreateNow": "Utwórz nowy",
        "Download": "Pobierz",
        "Open": "Otwórz",
        "UnZip": "Rozpakuj",
        "UnZipToFolder": "Rozpakuj do",
        "Edit": "Edytuj",
        "NormalEditor": "Edytuj normalnie",
        "BackUp": "Kopia zapasowa",
        "SourceFolder": "Folder źródłowy",
        "Files": "Pliki",
        "Change": "Zmień",
        "Settings": "Ustawienia",
        "Language": "Język"
      }
    },
    {
      "name": "Việt Nam",
      "code": "vi",
      "translation": {
        "AppName": "Trình quản lí tệp Tiny",
        "AppTitle": "Trình quản lí",
        "Login": "Đăng nhập",
        "Username": "Tên đăng nhập",
        "Password": "Mật khẩu",
        "Logout": "Đăng xuất",
        "Move": "Di chuyển",
        "Copy": "Sao chép",
        "Save": "Lưu",
        "SelectAll": "Chọn tất cả",
        "UnSelectAll": "Hủy chọn tất cả",
        "File": "Tệp tin",
        "Back": "Trở lại",
        "Size": "Kích cỡ",
        "Perms": "Quyền",
        "Modified": "Sửa đổi",
        "Owner": "Sở hữu",
        "Search": "Tìm kiếm",
        "NewItem": "Tạo mới",
        "Folder": "Thư mục",
        "Delete": "Xóa",
        "Rename": "Đổi tên",
        "CopyTo": "Sao chép đến",
        "DirectLink": "Đường dẫn URL",
        "UploadingFiles": "Tải lên file",
        "ChangePermissions": "Thay đổi quyền",
        "Copying": "Đang sao chép",
        "CreateNewItem": "Tạo mới",
        "Name": "Tên",
        "AdvancedEditor": "Chỉnh sửa nâng cao",
        "RememberMe": "Ghi nhớ đăng nhập",
        "Actions": "Hành động",
        "Upload": "Tải lên",
        "Cancel": "Hủy",
        "InvertSelection": "Lựa chọn đảo ngươc",
        "DestinationFolder": "Thư mục đích",
        "ItemType": "Kiểu",
        "ItemName": "Tên tệp",
        "CreateNow": "Tạo",
        "Download": "Tải xuống",
        "Open": "Mở",
        "UnZip": "Giải nén",
        "UnZipToFolder": "Giải nén đến thư mục",
        "Edit": "Sửa",
        "NormalEditor": "Chỉnh sửa",
        "BackUp": "Back up",
        "SourceFolder": "Thư mục",
        "Files": "Tệp tin",
        "Change": "Thay đổi",
        "Settings": "Cài đặt",
        "Language": "Ngôn ngữ",
        "PartitionSize": "Kích thước"
      }
    },
    {
      "name": "Hebrew",
      "code": "he",
      "translation": {
        "AppName": "סייר קבצים - טיני",
        "AppTitle": "סייר קבצים",
        "Login": "התחבר",
        "Username": "שם משתמש",
        "Password": "סיסמה",
        "Logout": "התנתק",
        "Move": "העבר",
        "Copy": "העתק",
        "Save": "שמור",
        "SelectAll": "בחר הכל",
        "UnSelectAll": "בטל בחירה מהכל",
        "File": "קובץ",
        "Back": "חזור",
        "Size": "גודל",
        "Perms": "הרשאות",
        "Modified": "עודכן בתאריך",
        "Owner": "בעלים",
        "Search": "חיפוש",
        "NewItem": "חדש",
        "Folder": "תיקייה",
        "Delete": "מחק",
        "Rename": "שנה שם",
        "CopyTo": "העתק ל",
        "DirectLink": "קישור ישיר",
        "UploadingFiles": "מעלה קבצים",
        "ChangePermissions": "שנה הרשאות",
        "Copying": "העותק",
        "CreateNewItem": "צור פריט חדש",
        "Name": "שם",
        "AdvancedEditor": "עורך מתקדם",
        "RememberMe": "זכור אותי",
        "Actions": "פעולות",
        "Upload": "העלה",
        "Cancel": "ביטול",
        "InvertSelection": "הפוך את הבחירה",
        "DestinationFolder": "תיקיית יעד",
        "ItemType": "סוג פריט",
        "ItemName": "שם הפריט",
        "CreateNow": "צור עכשיו",
        "Download": "הורד",
        "Open": "פתח",
        "UnZip": "חילוץ",
        "UnZipToFolder": "חלץ לתיקייה",
        "Edit": "ערוך",
        "NormalEditor": "עורך רגיל",
        "BackUp": "גיבוי",
        "SourceFolder": "תקיית מקור",
        "Files": "קבצים",
        "Change": "שנה",
        "Settings": "הגדרות",
        "Language": "שפה",
        "MemoryUsed": "זיכרון בשימוש",
        "PartitionSize": "גודל מחיצה"
      }
    },
    {
      "name": "العربية",
      "code": "Ar",
      "translation": {
        "AppName": "مدير الملفات الصغير",
        "AppTitle": "مدير الملفات",
        "Login": "دخول",
        "Username": "اسم المستخدم",
        "Password": "كلمة المرور",
        "Logout": "خروج",
        "Move": "نقل",
        "Copy": "نسخ",
        "Save": "حفظ",
        "SelectAll": "تحديد الكل",
        "UnSelectAll": "الغاء تحديد الكل",
        "File": "ملف",
        "Back": "رجوع",
        "Size": "حجم",
        "Perms": "صلاحيات",
        "Modified": "عدل بـ",
        "Owner": "المالك",
        "Search": "بحث",
        "NewItem": "عنصر جديد",
        "Folder": "مجلد",
        "Delete": "حذف",
        "Rename": "تسمية",
        "CopyTo": "نسخ الى",
        "DirectLink": "رابط مباشر",
        "UploadingFiles": "رفع ملفات",
        "ChangePermissions": "تغيير الصلاحيات",
        "Copying": "جاري النسخ",
        "CreateNewItem": "انشاء عنصر جديد",
        "Name": "اسم",
        "AdvancedEditor": "محرر متقدم",
        "RememberMe": "تذكرني",
        "Actions": "عمليات",
        "Upload": "رفع",
        "Cancel": "الغاء",
        "InvertSelection": "عكس التحديد",
        "DestinationFolder": "مجلد",
        "ItemType": "نوع العنصر",
        "ItemName": "اسم العنصر",
        "CreateNow": "انشأ الآن",
        "Download": "تحميل",
        "Open": "فتح",
        "UnZip": "فك الضغط",
        "UnZipToFolder": "فك الصغط لملف",
        "Edit": "نحرير",
        "NormalEditor": "محرر عادي",
        "BackUp": "نسخة احتياطية",
        "SourceFolder": "مجلد المصدر",
        "Files": "ملفات",
        "Change": "تغيير",
        "Settings": "اعدادات",
        "Language": "لغة",
        "MemoryUsed": "الذاكرة المستخدمة",
        "PartitionSize": "حجم القسم",
        "Free of": "مساحة فارغة من ",
        "Preview": "عرض",
        "Full size": "الحجم الكلي",
        "ErrorReporting": "التبليغ باخطاء",
        "ShowHiddenFiles": "اظهار الملفات المخفية",
        "Help": "مساعدة",
        "Generate": "توليد",
        "Report Issue": "التبليغ بمشكلة",
        "Generate new password hash": "توليد هاش لكلمة المرور",
        "Help Documents": "وثائق المساعدة",
        "Check Latest Version": "تفقد آخر الاصدارات"
      }
    },
    {
      "name": "Česky",
      "code": "cz",
      "translation": {
        "AppName": "Tiny File Manager",
        "AppTitle": "File Manager",
        "Login": "Přihlásit",
        "Username": "Přihlašovací jméno",
        "Password": "Heslo",
        "Logout": "Odhlásit",
        "Move": "Přesunout",
        "Copy": "Kopírovat",
        "Save": "Uložit",
        "SelectAll": "Vybrat vše",
        "UnSelectAll": "Odebrat vše",
        "File": "Soubor",
        "Back": "Zpět",
        "Size": "Velikost",
        "Perms": "Oprávnění",
        "Modified": "Změněno",
        "Owner": "Vlastník",
        "Search": "Hledat",
        "NewItem": "Nová položka",
        "Folder": "Složka",
        "Delete": "Smazat",
        "Rename": "Přejmenovat",
        "CopyTo": "Kopírovat do",
        "DirectLink": "Přímý odkaz",
        "UploadingFiles": "Nahrát soubory",
        "ChangePermissions": "Změnit oprávnění",
        "Copying": "Kopírování",
        "CreateNewItem": "Vytvoř novou položku",
        "Name": "Název",
        "AdvancedEditor": "Vylepšený editor",
        "RememberMe": "Pamatuj si mně",
        "Actions": "Akce",
        "Upload": "Nahrát",
        "Cancel": "Zrušit",
        "InvertSelection": "Obrať výběr",
        "DestinationFolder": "Konečná složka",
        "ItemType": "Typ položky",
        "ItemName": "Název položky",
        "CreateNow": "Vytvořit",
        "Download": "Stáhnout",
        "Open": "Otevřít",
        "UnZip": "Rozbalit",
        "UnZipToFolder": "Rozbalit do",
        "Edit": "Upravit",
        "NormalEditor": "Editor",
        "BackUp": "Záloha",
        "SourceFolder": "Zdrojová složka",
        "Files": "Soubory",
        "Change": "Změnit",
        "Settings": "Nastavení",
        "Language": "Jazyk",
        "MemoryUsed": "Využitá paměť",
        "PartitionSize": "Velikost oddílu",
        "ErrorReporting": "Hlášení chyb",
        "ShowHiddenFiles": "Zobrazit skryté soubory",
        "Preview": "Náhled",
        "Help": "Nápověda",
        "FullSize": "Celková velikost",
        "FreeOf": "volné z",
        "Help Documents": "Dokumentace",
        "Report Issue": "Nahlásit chybu",
        "Generate": "Generovat",
        "CalculateFolderSize": "Počítat velikosti složek",
        "ProcessID": "ID procesu",
        "Created": "Vytvořeno",
        "HideColumns": "Skrýt sloupce oprávnění a vlastníka",
        "Folder is empty": "Složka je prázdná",
        "Check Latest Version": "Vyhledat aktualizace",
        "Generate new password hash": "Vygenerovat nový hash hesla",
        "You are logged in": "Jste přihlášen(a)",
        "Login failed. Invalid username or password": "Chyba přihlášení: špatně zadané heslo nebo uživatelské jméno",
        "password_hash not supported, Upgrade PHP version": "Funkce password_hash není dostupná, aktualizujte PHP na novější verzi"
      }
    },
    {
      "name": "Türkçe",
      "code": "tr",
      "translation": {
        "Tiny File Manager": "Tiny Dosya Yöneticisi",
        "File Manager": "Dosya Yöneticisi",
        "Sign in": "Giriş Yap",
        "Username": "Kullanıcı adı",
        "Password": "Parola",
        "Sign Out": "Çıkış Yap",
        "Move": "Taşı",
        "Copy": "Kopyala",
        "Save": "Kaydet",
        "Select all": "Hepsini Seç",
        "Unselect all": "Hepsini Bırak",
        "File": "Dosya",
        "Back": "Geri",
        "Size": "Boyut",
        "Perms": "İzinler",
        "Modified": "Son Düzenleme",
        "Owner": "Sahibi",
        "Search": "Arama",
        "New Item": "Yeni Dosya",
        "Folder": "Klasör",
        "Delete": "Sil",
        "Rename": "Yeniden Adlandır",
        "Copy to": "Şuraya Kopyala",
        "Direct link": "Erişim Linki",
        "Upload Files": "Dosyaları Yükle",
        "Change Permissions": "İzinleri Değiştir",
        "Copying": "Kopyalanıyor",
        "Create New Item": "Yeni Dosya Oluştur",
        "Name": "Ad",
        "Advanced Editor": "Gelişmiş Düzenleyici",
        "Remember Me": "Beni Hatırla",
        "Actions": "Hareketler",
        "Upload": "Yükle",
        "Cancel": "İptal Et",
        "Invert Selection": "Seçimi Geri Al",
        "Destination Folder": "Hedef klasör",
        "Item Type": "Dosya Türü",
        "Item Name": "Dosya Adı",
        "Create Now": "Oluştur",
        "Download": "İndir",
        "Open": "Aç",
        "UnZip": "Arşivden çıkart",
        "UnZip to folder": "Klasöre Çıkart",
        "Edit": "Düzenle",
        "Normal Editor": "Normal Düzenleyici",
        "Back Up": "Yedekle",
        "Source Folder": "Kaynak Klasör",
        "Files": "Dosyalar",
        "Change": "Değişim",
        "Settings": "Ayarlar",
        "Language": "Dil",
        "Memory used": "Kullanılan Bellek",
        "Partition size": "Disk Boyutu",
        "Error Reporting": "Hata Raporlama",
        "Show Hidden Files": "Gizli Dosyaları Göster",
        "Full size": "Toplam Boyut",
        "Help": "Yardım",
        "Free of": "Boş Olan",
        "Preview": "Görüntüle",
        "Help Documents": "Dökümanlar",
        "Report Issue": "Sorun Bildir",
        "Generate": "Oluştur",
        "Full Size": "Toplam Boyut",
        "free of": "Boş olan",
        "Calculate folder size": "Klasör Boyutlarını Hesapla",
        "Check Latest Version": "Güncel Sürümü Kontrol Et",
        "Generate new password hash": "Parola için Hash Üret",
        "Hide Perms/Owner columns": "Yetki / Sahip Sütununu Gizle"
      }
    },
    {
      "name": "Slovensky",
      "code": "sk",
      "translation": {
        "AppName": "Tiny File Manager",
        "AppTitle": "File Manager",
        "Login": "Prihlásiť sa",
        "Username": "Prihlasovacie meno",
        "Password": "Heslo",
        "Logout": "Odhlásiť",
        "Move": "Presunúť",
        "Copy": "Kopírovať",
        "Save": "Uložiť",
        "SelectAll": "Vybrať všetko",
        "UnSelectAll": "Zrušiť výber",
        "File": "Súbor",
        "Back": "Späť",
        "Size": "Veľkosť",
        "Perms": "Oprávnenia",
        "Modified": "Zmenené",
        "Owner": "Vlastník",
        "Search": "Hľadať",
        "NewItem": "Nový súbor",
        "Folder": "Priečinok",
        "Delete": "Zmazať",
        "Rename": "Premenovať",
        "CopyTo": "Kopírovať do",
        "DirectLink": "Priamy odkaz",
        "UploadingFiles": "Nahrať súbory",
        "ChangePermissions": "Zmeniť oprávnenia",
        "Copying": "Kopírovanie",
        "CreateNewItem": "Vytvoriť nový súbor",
        "Name": "Názov",
        "AdvancedEditor": "Pokročilý editor",
        "RememberMe": "Zapamätať",
        "Actions": "Akcie",
        "Upload": "Nahrať",
        "Cancel": "Zrušiť",
        "InvertSelection": "Obrátiť výber",
        "DestinationFolder": "Cieľový priečinok",
        "ItemType": "Typ súboru",
        "ItemName": "Názov súboru",
        "CreateNow": "Vytvoriť",
        "Download": "Stiahnúť",
        "Open": "Otvoriť",
        "UnZip": "Rozbaliť",
        "UnZipToFolder": "Rozbaliť do",
        "Edit": "Upraviť",
        "NormalEditor": "Editor",
        "BackUp": "Záloha",
        "SourceFolder": "Zdrojový priečinok",
        "Files": "Súbory",
        "Change": "Zmeniť",
        "Settings": "Nastavenia",
        "Language": "Jazyk",
        "MemoryUsed": "Využitá pamäť",
        "PartitionSize": "Veľkosť oddielu",
        "ErrorReporting": "Hlásenie chýb",
        "ShowHiddenFiles": "Zobraziť skryté súbory",
        "Preview": "Náhľad",
        "Help": "Pomoc",
        "FullSize": "Celková veľkosť",
        "FreeOf": "voľné z"
      }
    },
    {
      "name": "한국어",
      "code": "ko",
      "translation": {
        "AppName": "Tiny File Manager",
        "AppTitle": "파일 관리자",
        "Login": "로그인",
        "Username": "사용자명",
        "Password": "비밀번호",
        "Logout": "로그아웃",
        "Move": "이동",
        "Copy": "복사",
        "Save": "저장",
        "SelectAll": "전체 선택",
        "UnSelectAll": "전체 해제",
        "File": "파일",
        "Back": "뒤로",
        "Size": "크기",
        "Perms": "권한",
        "Modified": "수정된 날짜",
        "Owner": "소유자",
        "Search": "검색",
        "NewItem": "새로 만들기",
        "Folder": "폴더",
        "Delete": "삭제",
        "Rename": "이름 바꾸기",
        "CopyTo": "복사 위치 지정",
        "DirectLink": "다이렉트 링크",
        "UploadingFiles": "파일 업로드",
        "ChangePermissions": "권한 변경",
        "Copying": "복사하기",
        "CreateNewItem": "새로 만들기",
        "Name": "이름",
        "AdvancedEditor": "고급 편집기",
        "RememberMe": "로그인 정보 저장",
        "Actions": "액션",
        "Upload": "업로드",
        "Cancel": "취소",
        "InvertSelection": "선택 반전",
        "DestinationFolder": "대상 폴더",
        "ItemType": "유형",
        "ItemName": "이름",
        "CreateNow": "만들기",
        "Download": "다운로드",
        "Open": "열기",
        "UnZip": "압축 풀기",
        "UnZipToFolder": "폴더에 압축 풀기",
        "Edit": "편집",
        "NormalEditor": "일반 편집기",
        "BackUp": "백업",
        "SourceFolder": "원본 폴더",
        "Files": "파일 목록",
        "Change": "변경",
        "Settings": "설정",
        "Language": "언어"
      }
    },
    {
      "name": "日本語",
      "code": "ja",
      "translation": {
        "AppName": "Tiny File Manager",
        "AppTitle": "File Manager",
        "Login": "ログイン",
        "Username": "Username",
        "Password": "Password",
        "Logout": "ログアウト",
        "Move": "移動",
        "Copy": "コピー",
        "Save": "保存",
        "SelectAll": "すべて選択",
        "UnSelectAll": "選択解除",
        "File": "ファイル",
        "Back": "戻る",
        "Size": "サイズ",
        "Perms": "権限",
        "Modified": "更新日時",
        "Owner": "所有者",
        "Search": "検索",
        "NewItem": "新規作成",
        "Folder": "フォルダ",
        "Delete": "削除",
        "Rename": "名前の変更",
        "CopyTo": "宛先を指定してコピー",
        "DirectLink": "直接リンク",
        "UploadingFiles": "ファイルをアップロード",
        "ChangePermissions": "権限を変更",
        "Copying": "ファイルをコピー",
        "CreateNewItem": "新規作成",
        "Name": "名前",
        "AdvancedEditor": "拡張エディタで編集",
        "RememberMe": "Remember Me",
        "Actions": "アクション",
        "Upload": "アップロード",
        "Cancel": "キャンセル",
        "InvertSelection": "選択の切り替え",
        "DestinationFolder": "宛先フォルダ",
        "ItemType": "種類",
        "ItemName": "名前",
        "CreateNow": "作成する",
        "Download": "ダウンロード",
        "Open": "開く",
        "UnZip": "解凍",
        "UnZipToFolder": "フォルダに解凍",
        "Edit": "編集",
        "NormalEditor": "通常エディタで編集",
        "BackUp": "バックアップ",
        "SourceFolder": "元フォルダ",
        "Files": "ファイル",
        "Change": "変更",
        "Settings": "設定",
        "Language": "言語",
        "MemoryUsed": "メモリ使用量",
        "PartitionSize": "パーティションサイズ",
        "ErrorReporting": "エラーを表示",
        "ShowHiddenFiles": "隠しファイルを表示",
        "Full size": "合計サイズ",
        "Help": "ヘルプ",
        "Free of": "free of",
        "Preview": "プレビュー",
        "Help Documents": "ヘルプドキュメント",
        "Report Issue": "問題を報告",
        "Generate": "生成",
        "FullSize": "合計サイズ",
        "FreeOf": "free of",
        "CalculateFolderSize": "フォルダサイズを計算",
        "ProcessID": "プロセスID",
        "HideColumns": "権限・所有者を非表示",
        "Check Latest Version": "更新の確認",
        "Generate new password hash": "パスワードハッシュを生成",
        "Folder is empty": "空のフォルダです",
        "Created": "作成しました",
        "You are logged in": "ログインしました",
        "Login failed. Invalid username or password": "Username もしくは Password が違います",
        "password_hash not supported, Upgrade PHP version": "password_hash がサポートされていません。PHPをアップグレードしてください",
        "Group": "グループ",
        "Other": "その他",
        "Read": "読み込み",
        "Write": "書き込み",
        "Execute": "実行"
      }
    },
    {
      "name": "Монгол",
      "code": "mn_MN",
      "translation": {
        "AppName": "Tiny File Manager",
        "AppTitle": "Файл зохицуулагчr",
        "Login": "Нэвтрэх",
        "Username": "Хэрэглэгчийн нэр",
        "Password": "Нууц үг",
        "Logout": "Гарах",
        "Move": "Зөөх",
        "Copy": "Хуулах",
        "Save": "Хадгалах",
        "SelectAll": "Бүгдийг сонгох",
        "UnSelectAll": "Бүгдийг цэвэрлэх",
        "File": "Файл",
        "Back": "Буцах",
        "Size": "Хэмжээ",
        "Perms": "Эрх",
        "Modified": "Өөрчлөгдсөн",
        "Owner": "Эзэн",
        "Search": "Хайх",
        "NewItem": "Шинэ зүйл",
        "Folder": "Хавтас",
        "Delete": "Устгах",
        "Rename": "Нэр солих",
        "CopyTo": "Руу хуулах",
        "DirectLink": "Шууд холбоос",
        "UploadingFiles": "Файлуудыг хуулж байна",
        "ChangePermissions": "Эрх солих",
        "Copying": "Хуулж байна",
        "CreateNewItem": "Шинээр үүсгэх",
        "Name": "Нэр",
        "AdvancedEditor": "Нарийн үйлдэлтэй засварлагч",
        "RememberMe": "Remember Me",
        "Actions": "Үйлдлүүд",
        "Upload": "Хуулах",
        "Cancel": "Болих",
        "InvertSelection": "Сонголтыг эсрэгээр",
        "DestinationFolder": "Очих хавтас",
        "ItemType": "Төрөл",
        "ItemName": "Нэр",
        "CreateNow": "Үүсгэх",
        "Download": "Татах",
        "Open": "Нээх",
        "UnZip": "Задлах",
        "UnZipToFolder": "Хавтсанд задлах",
        "Edit": "Засах",
        "NormalEditor": "Энгийн засварлагч",
        "BackUp": "Бакап",
        "SourceFolder": "Хаанаас хавтас",
        "Files": "Файл",
        "Change": "Солих",
        "Settings": "Тохиргоо",
        "Language": "Хэл",
        "MemoryUsed": "Хэрэглэгдэж буй санах ой",
        "PartitionSize": "Партишны зай",
        "ErrorReporting": "Алдаа харуулах",
        "ShowHiddenFiles": "Нууц файлуудыг харуулах",
        "Full size": "Нийт хэмжээ",
        "Help": "Тусламж",
        "Free of": "Хоосон зай",
        "Preview": "Урьдчилан харах",
        "Help Documents": "Тусламж",
        "Report Issue": "Алдаа мэдэгдэх",
        "Generate": "Үүсгэх",
        "FullSize": "Нийт хэмжээ",
        "FreeOf": "Хоосон зай",
        "CalculateFolderSize": "Хавтасны хэмжээг бодох",
        "ProcessID": "Процессын ID",
        "HideColumns": "Багануудыг нуух",
        "Check Latest Version": "Шинчэлэлт байгаа эсэхийг шалгах",
        "Generate new password hash": "Шинэ нууц үгийн хаш үүсгэх",
        "Folder is empty": "Хавтас хоосон байна",
        "Created": "Үүсгэсэн",
        "You are logged in": "Нэвтэрсэн байна",
        "Login failed. Invalid username or password": "Нэр юмуу нууц үг буруу байна",
        "password_hash not supported, Upgrade PHP version": "password_hash функц байхгүй байна. PHP хувилбар ахиулна уу.",
        "Group": "Бүлэг",
        "Other": "Бусад",
        "Read": "Унших",
        "Write": "Бичих",
        "Execute": "Ажиллуулах"
      }
    }
  ]
}
